LS,RS,e_antes,e_despues,p_min,x_min,p_max,x_max
1,1,0.176940,0.290381,-5.275740e-07,-2.5965,-1.406500e-08,0.8998
1,2,0.176879,0.319966,-5.581060e-07,-2.5714,-9.102600e-09,1.8797
1,3,0.176860,0.329995,-5.633150e-07,-2.5789,-3.306290e-09,2.8597
1,4,0.176855,0.332392,-5.499730e-07,-2.5764,3.221180e-09,3.4988
1,5,0.176854,0.332861,-5.234180e-07,-2.5789,2.715980e-08,3.3759
1,6,0.176854,0.333001,-4.884140e-07,-2.5714,6.207000e-08,3.3684
1,7,0.176850,0.334029,-4.481180e-07,-2.5664,1.024600e-07,3.3609
1,8,0.176838,0.337474,-4.045030e-07,-2.5865,1.462250e-07,3.3684
2,1,0.083922,0.338539,-5.812300e-07,-2.6842,-1.734230e-08,0.8797
2,2,0.083638,0.370264,-6.271110e-07,-2.6667,-1.258450e-08,1.8597
2,3,0.083527,0.384269,-6.447530e-07,-2.6742,-6.577980e-09,2.8396
2,4,0.083491,0.388356,-6.413760e-07,-2.6767,-1.825610e-10,3.8195
2,5,0.083482,0.389235,-6.218260e-07,-2.6692,1.374830e-08,3.8722
2,6,0.083479,0.389402,-5.913490e-07,-2.6566,4.373290e-08,3.8496
2,7,0.083479,0.389434,-5.539480e-07,-2.6541,8.118180e-08,3.8722
2,8,0.083430,0.392779,-5.122340e-07,-2.6541,1.228830e-07,3.8622
3,1,0.056784,0.362844,-6.094860e-07,-2.7544,-2.018140e-08,0.8597
3,2,0.056252,0.394691,-6.627510e-07,-2.7318,-1.520140e-08,1.8396
3,3,0.056008,0.410979,-6.859050e-07,-2.7293,-8.883760e-09,2.8195
3,4,0.055917,0.416346,-6.872720e-07,-2.7168,-1.739670e-09,3.7995
3,5,0.055891,0.417637,-6.712010e-07,-2.7193,8.828980e-09,4.1178
3,6,0.055884,0.417926,-6.430540e-07,-2.7218,3.610130e-08,4.0752
3,7,0.055843,0.419438,-6.071390e-07,-2.7093,7.193970e-08,4.1003
3,8,0.055745,0.423109,-5.662940e-07,-2.7368,1.125670e-07,4.1053
